id_producto,nombre,categoria,marca,precio_unitario,stock,proveedor,fecha_entrada,id_tienda
746,Producto_746,Hogar,LEGO,2556.96,203,ProveedorC,29/05/2024,1
677,Producto_677,Juguetes,Barcel,4816.22,326,ProveedorC,04/06/2024,18
414,Producto_414,Hogar,Herdez,2767.98,28,ProveedorA,20/12/2024,6
568,Producto_568,Belleza,Nestlé,645.47,373,ProveedorA,19/12/2024,19
170,Producto_170,Electrónica,Barcel,4355.49,317,ProveedorB,24/05/2024,19
202,Producto_202,Juguetes,Puma,2571.06,55,ProveedorD,30/05/2024,8
224,Producto_224,Belleza,Whirlpool,2433.45,226,ProveedorD,07/10/2023,7
76,Producto_76,Alimentos,Herdez,2744.21,0,ProveedorC,21/10/2023,7
29,Producto_29,Deportes,Mattel,3567.62,204,ProveedorC,24/03/2024,17
363,Producto_363,Belleza,Nestlé,,327,ProveedorC,12/01/2024,20
535,Producto_535,Alimentos,LG,4630.95,201,ProveedorC,22/11/2023,15
581,Producto_581,Belleza,Nestlé,1494.03,49,ProveedorA,07/02/2024,19
712,Producto_712,Alimentos,Mattel,4752.04,316,ProveedorE,01/05/2024,18
745,Producto_745,Alimentos,Herdez,1124.3,395,ProveedorE,25/10/2023,5
126,Producto_126,Deportes,Nestlé,2352.29,225,ProveedorC,08/07/2023,2
782,Producto_782,Juguetes,L'Oréal,510.39,260,ProveedorD,13/12/2023,18
756,Producto_756,Alimentos,Puma,2439.44,246,ProveedorE,07/01/2023,17
676,Producto_676,Electrónica,Herdez,2067.57,285,ProveedorE,01/01/2023,3
72,Producto_72,Alimentos,Whirlpool,359.17,340,ProveedorC,30/09/2024,11
664,Producto_664,Belleza,Nike,4908.03,432,ProveedorB,17/04/2023,14
588,Producto_588,Electrónica,Adidas,3763.65,341,ProveedorA,29/03/2023,12
725,Producto_725,Alimentos,LEGO,539.62,402,ProveedorC,13/09/2024,3
705,Producto_705,Electrónica,Herdez,212.76,142,ProveedorE,28/09/2023,5
732,Producto_732,Ropa,Mabe,914.98,409,ProveedorE,25/02/2023,18
465,Producto_465,Hogar,Whirlpool,936.91,325,ProveedorE,11/12/2024,6
85,Producto_85,Ropa,Reebok,3341.21,286,ProveedorE,21/11/2023,15
525,Producto_525,Juguetes,,3869.9,159,ProveedorC,30/03/2023,18
336,Producto_336,Belleza,Mabe,962.01,225,ProveedorC,04/03/2024,5
44,Producto_44,Electrónica,H&M,2389.17,470,ProveedorE,11/06/2023,2
508,Producto_508,Electrónica,H&M,346.99,134,ProveedorB,10/02/2023,2
501,Producto_501,Belleza,,1764.16,219,ProveedorC,24/05/2023,8
763,Producto_763,Deportes,H&M,3191.74,449,ProveedorC,29/03/2023,7
750,Producto_750,Juguetes,Maybelline,1166.43,135,ProveedorC,28/08/2023,2
218,Producto_218,Electrónica,Barcel,4646.13,424,ProveedorC,30/01/2023,6
463,Producto_463,Electrónica,Adidas,1572.8,122,ProveedorC,30/04/2023,6
528,Producto_528,Juguetes,Sony,761.33,477,ProveedorD,25/01/2023,8
348,Producto_348,Electrónica,Mabe,2072.37,367,ProveedorD,13/04/2023,5
416,Producto_416,Deportes,Nike,1156.53,461,ProveedorE,01/05/2024,9
668,Producto_668,Electrónica,LEGO,3839.97,295,ProveedorE,18/08/2023,11
113,Producto_113,Juguetes,Reebok,2853.55,342,ProveedorD,11/12/2023,1
281,Producto_281,Alimentos,LEGO,1997.14,417,ProveedorE,29/04/2024,9
280,Producto_280,Electrónica,Nestlé,1015.94,405,ProveedorB,12/02/2023,11
136,Producto_136,Hogar,Mabe,2727.37,331,ProveedorB,30/09/2023,5
473,Producto_473,Deportes,Mattel,4948.98,52,ProveedorB,01/11/2023,2
91,Producto_91,Electrónica,Whirlpool,2043.92,277,ProveedorD,01/03/2024,2
159,Producto_159,Juguetes,Whirlpool,227.8,381,ProveedorD,23/12/2024,13
386,Producto_386,Belleza,Whirlpool,2783.69,24,ProveedorC,20/10/2024,13
295,Producto_295,Deportes,Herdez,4568.58,60,ProveedorC,24/09/2023,15
617,Producto_617,Ropa,Zara,3045.64,482,ProveedorC,30/12/2024,9
217,Producto_217,Juguetes,Whirlpool,4227.32,498,ProveedorE,20/09/2024,18
117,Producto_117,Belleza,Maybelline,3233.06,251,ProveedorD,18/01/2023,3
788,Producto_788,Electrónica,Barcel,2557.63,357,ProveedorB,21/09/2024,6
742,Producto_742,Belleza,Bimbo,4461.6,434,ProveedorE,08/10/2024,1
116,Producto_116,Ropa,Bimbo,1214.37,208,ProveedorD,22/07/2024,8
474,Producto_474,Hogar,Zara,1749.4,418,ProveedorA,25/03/2024,4
679,Producto_679,Alimentos,Panasonic,3839.41,307,ProveedorD,03/11/2024,12
689,Producto_689,Deportes,Sony,1375.24,493,ProveedorC,29/10/2023,15
393,Producto_393,Juguetes,Bimbo,948.93,389,ProveedorE,18/11/2024,18
108,Producto_108,Deportes,Whirlpool,3310.99,35,ProveedorE,25/10/2024,11
134,Producto_134,Hogar,Nestlé,172.87,147,ProveedorC,20/12/2024,15
161,Producto_161,Alimentos,Mabe,4372.21,225,ProveedorA,22/06/2024,15
429,Producto_429,Electrónica,Puma,2775.56,305,ProveedorE,29/11/2023,13
693,Producto_693,Belleza,L'Oréal,2524.43,355,ProveedorC,28/12/2024,4
109,Producto_109,Electrónica,Whirlpool,4113.43,54,ProveedorD,06/01/2024,15
608,Producto_608,Belleza,LEGO,2022.89,399,ProveedorE,05/08/2024,1
100,Producto_100,Juguetes,Whirlpool,1268.83,41,ProveedorD,20/01/2023,18
686,Producto_686,Electrónica,LEGO,3683.71,283,ProveedorD,22/08/2024,16
89,Producto_89,Belleza,Nestlé,1180.12,171,ProveedorC,07/07/2024,3
97,Producto_97,Deportes,Samsung,4535.58,303,ProveedorE,09/11/2024,1
450,Producto_450,,LEGO,762.22,12,ProveedorD,18/04/2023,10
492,Producto_492,Belleza,Nestlé,3632.68,386,ProveedorB,15/03/2024,3
623,Producto_623,Deportes,Sony,4499.44,412,ProveedorE,18/02/2024,11
335,Producto_335,Juguetes,Herdez,747.4,348,ProveedorB,02/02/2023,19
70,Producto_70,Deportes,LEGO,587.07,460,ProveedorE,14/07/2023,9
248,Producto_248,Juguetes,LG,3397.7,26,ProveedorC,09/03/2023,11
28,Producto_28,Deportes,L'Oréal,1332.63,446,ProveedorE,09/03/2024,7
514,Producto_514,Deportes,Barcel,284.59,341,ProveedorB,03/05/2023,1
550,Producto_550,Deportes,Sony,3239.92,255,ProveedorD,17/07/2024,16
43,Producto_43,Ropa,Nike,2900.11,277,ProveedorA,18/11/2023,2
702,Producto_702,Electrónica,Zara,1023.41,444,ProveedorD,19/08/2023,12
61,Producto_61,Ropa,Sony,3338.0,181,ProveedorE,21/02/2024,20
460,Producto_460,,Reebok,578.64,343,ProveedorD,24/06/2024,11
721,Producto_721,Electrónica,Nike,898.18,128,ProveedorE,14/03/2023,19
568,Producto_568,Belleza,Nestlé,645.47,373,ProveedorA,19/12/2024,19
44,Producto_44,Electrónica,H&M,2389.17,470,ProveedorE,11/06/2023,2
470,Producto_470,Alimentos,Nike,1381.52,275,ProveedorC,22/06/2023,15
451,Producto_451,Hogar,Bimbo,589.19,481,ProveedorB,23/12/2023,10
630,Producto_630,Belleza,Bimbo,1119.05,114,ProveedorC,06/03/2024,11
631,Producto_631,Alimentos,Zara,2932.0,237,ProveedorA,26/04/2024,2
309,Producto_309,Deportes,H&M,779.43,337,,11/09/2024,11
768,Producto_768,Ropa,LEGO,4299.36,258,ProveedorD,03/06/2023,20
358,Producto_358,Juguetes,Herdez,4136.68,263,ProveedorC,30/03/2023,13
428,Producto_428,Hogar,Reebok,2789.36,262,ProveedorD,16/04/2023,1
222,Producto_222,Belleza,LG,3886.41,290,ProveedorE,28/03/2023,2
209,Producto_209,Hogar,Sony,2074.93,423,ProveedorD,13/02/2024,14
48,Producto_48,Alimentos,Zara,1029.25,366,ProveedorC,02/09/2023,9
496,Producto_496,Ropa,Herdez,455.76,412,ProveedorA,16/04/2023,11
319,Producto_319,Belleza,LG,957.27,81,ProveedorD,11/06/2024,15
304,Producto_304,Hogar,Reebok,3403.74,176,ProveedorB,18/07/2024,19
660,Producto_660,Juguetes,Adidas,3320.14,87,ProveedorC,02/01/2024,15
332,Producto_332,Juguetes,Samsung,1848.11,344,ProveedorA,02/03/2024,19
680,Producto_680,Belleza,Reebok,578.98,388,ProveedorB,03/01/2023,11
776,Producto_776,Electrónica,LEGO,45.9,335,ProveedorB,05/12/2024,11
158,Producto_158,Alimentos,Mattel,4904.07,122,ProveedorE,28/01/2024,8
368,Producto_368,Deportes,Mattel,2867.78,76,ProveedorB,02/12/2023,17
654,Producto_654,Alimentos,L'Oréal,206.63,254,ProveedorB,05/12/2024,16
176,Producto_176,Alimentos,Samsung,2833.99,351,ProveedorA,12/09/2024,16
759,Producto_759,Hogar,LG,3604.08,246,ProveedorD,05/05/2024,7
144,Producto_144,Juguetes,L'Oréal,1655.72,355,ProveedorD,23/10/2023,13
296,Producto_296,Ropa,,1435.03,469,ProveedorD,24/07/2023,4
208,Producto_208,Electrónica,Mabe,4265.44,333,ProveedorE,09/08/2023,14
4,Producto_4,Electrónica,Panasonic,1002.2,332,ProveedorE,05/03/2024,8
169,Producto_169,Deportes,Whirlpool,2833.98,405,ProveedorB,24/06/2023,6
507,Producto_507,Hogar,H&M,2110.11,279,ProveedorB,27/04/2024,3
561,Producto_561,Electrónica,Sony,3012.3,10,ProveedorE,04/05/2024,1
42,Producto_42,Belleza,Panasonic,3312.74,249,ProveedorB,14/07/2023,10
700,Producto_700,Hogar,Sony,2559.5,407,ProveedorC,10/12/2024,2
659,Producto_659,Juguetes,LG,2135.72,59,ProveedorA,16/02/2023,1
510,Producto_510,Belleza,Herdez,421.31,274,ProveedorE,22/09/2024,5
583,Producto_583,Alimentos,Barcel,2406.84,49,ProveedorA,31/07/2023,6
53,Producto_53,Deportes,LEGO,49.04,418,ProveedorE,03/11/2023,4
305,Producto_305,Ropa,,2168.77,466,ProveedorA,08/05/2023,17
190,Producto_190,Hogar,Puma,3355.73,380,ProveedorE,05/03/2024,19
12,Producto_12,Ropa,Zara,3512.08,349,ProveedorA,15/09/2024,6
241,Producto_241,Alimentos,LEGO,380.21,236,ProveedorD,08/02/2023,2
326,Producto_326,Electrónica,Adidas,4875.66,201,ProveedorC,14/12/2023,18
88,Producto_88,Juguetes,LEGO,2428.14,122,ProveedorC,26/03/2024,3
491,Producto_491,Alimentos,Bimbo,1865.5,462,ProveedorB,23/02/2023,13
157,Producto_157,Deportes,Maybelline,1732.17,282,ProveedorE,22/01/2024,15
399,Producto_399,Alimentos,LG,2075.51,288,ProveedorB,30/05/2023,1
19,Producto_19,Juguetes,Nike,4306.9,78,ProveedorB,27/11/2024,14
224,Producto_224,Belleza,Whirlpool,2433.45,226,ProveedorD,07/10/2023,7
651,Producto_651,Deportes,Adidas,2099.94,460,ProveedorA,07/06/2024,20
426,Producto_426,Belleza,Herdez,1590.22,54,ProveedorA,06/01/2023,10
551,Producto_551,,Bimbo,1406.08,70,ProveedorD,24/07/2023,17
764,Producto_764,Hogar,Barcel,4963.95,444,ProveedorD,24/06/2023,8
328,Producto_328,Electrónica,Nike,693.81,170,ProveedorD,15/06/2024,15
205,Producto_205,Hogar,Reebok,376.72,41,ProveedorC,14/09/2024,5
685,Producto_685,Electrónica,,2292.37,301,ProveedorE,18/05/2023,16
384,Producto_384,Deportes,LG,1192.15,448,ProveedorB,07/11/2024,17
420,Producto_420,,Herdez,3780.49,71,ProveedorA,27/05/2024,12
558,Producto_558,Deportes,LG,4032.99,357,,28/08/2024,1
355,Producto_355,Ropa,LEGO,2345.42,98,ProveedorA,05/12/2023,6
392,Producto_392,Belleza,Mattel,267.17,193,ProveedorE,09/09/2024,2
457,Producto_457,Hogar,Samsung,3689.57,452,ProveedorB,05/04/2024,19
285,Producto_285,Juguetes,Bimbo,3638.14,40,ProveedorD,08/09/2024,6
380,Producto_380,Deportes,Samsung,1210.92,34,ProveedorA,31/08/2024,2
751,Producto_751,Belleza,Mattel,2594.25,405,ProveedorC,02/02/2024,16
214,Producto_214,Juguetes,,4842.31,307,ProveedorC,27/12/2023,4
122,Producto_122,,Maybelline,1389.73,301,ProveedorE,03/09/2024,10
445,Producto_445,Deportes,Nike,3955.7,184,ProveedorE,31/08/2024,3
640,Producto_640,Juguetes,LEGO,960.98,346,ProveedorA,03/10/2024,8
754,Producto_754,Ropa,Herdez,3271.84,187,ProveedorE,31/10/2024,3
38,Producto_38,Ropa,Bimbo,2221.22,441,ProveedorE,11/04/2023,2
164,Producto_164,Juguetes,LG,4263.18,439,ProveedorE,25/01/2024,11
75,Producto_75,Belleza,Herdez,3389.82,,ProveedorB,22/09/2024,19
616,Producto_616,Juguetes,Samsung,2375.75,67,,07/09/2024,1
288,Producto_288,Alimentos,Reebok,221.35,445,ProveedorC,21/09/2024,14
215,Producto_215,Deportes,LEGO,1071.57,336,ProveedorD,18/08/2023,4
471,Producto_471,Deportes,Maybelline,2753.13,57,ProveedorE,27/04/2023,9
263,Producto_263,Belleza,LEGO,4257.32,145,ProveedorA,14/06/2023,9
310,Producto_310,Juguetes,,215.56,442,ProveedorA,25/03/2023,2
115,Producto_115,Alimentos,Barcel,3508.91,141,ProveedorE,11/01/2023,17
101,Producto_101,Electrónica,Puma,1128.87,35,ProveedorA,01/02/2023,8
183,Producto_183,Juguetes,Mabe,2346.97,38,ProveedorB,20/08/2023,13
502,Producto_502,Alimentos,Bimbo,1248.35,307,ProveedorE,14/09/2024,10
245,Producto_245,Hogar,Mabe,4056.72,428,ProveedorC,28/03/2023,17
398,Producto_398,Deportes,Maybelline,2335.36,411,ProveedorD,24/11/2023,7
207,Producto_207,Hogar,Barcel,2657.48,232,ProveedorE,11/09/2024,14
39,Producto_39,Belleza,Panasonic,4181.78,496,ProveedorA,31/08/2023,6
345,Producto_345,Alimentos,Bimbo,1738.35,226,ProveedorC,05/05/2024,7
619,Producto_619,Alimentos,LEGO,4123.31,203,ProveedorE,15/04/2023,1
624,Producto_624,Belleza,Adidas,3609.2,335,ProveedorD,30/10/2023,9
775,Producto_775,Deportes,Whirlpool,1296.45,2,ProveedorA,14/08/2024,17
570,Producto_570,Belleza,H&M,529.51,254,ProveedorB,06/12/2023,3
347,Producto_347,Deportes,H&M,1204.02,25,ProveedorE,20/08/2023,8
14,Producto_14,Ropa,LG,4215.83,397,ProveedorA,23/08/2023,2
793,Producto_793,Deportes,Mattel,2279.25,206,ProveedorE,05/01/2023,9
302,Producto_302,Deportes,Bimbo,338.08,203,ProveedorD,22/06/2024,14
413,Producto_413,Alimentos,Bimbo,3272.14,439,ProveedorA,06/04/2023,13
3,Producto_3,Hogar,Nike,158.69,111,ProveedorB,01/06/2024,20
532,Producto_532,Electrónica,Nike,4607.16,459,ProveedorE,27/02/2024,12
722,Producto_722,Juguetes,Sony,4555.82,208,ProveedorD,06/04/2024,13
59,Producto_59,Electrónica,Adidas,2732.5,427,ProveedorC,19/08/2024,18
709,Producto_709,Juguetes,LG,2631.72,489,ProveedorB,17/06/2024,3
313,Producto_313,Hogar,Sony,4025.39,350,ProveedorD,01/11/2023,15
728,Producto_728,Alimentos,Puma,4787.38,5,ProveedorE,22/07/2024,5
90,Producto_90,Ropa,Adidas,1163.99,355,ProveedorB,24/12/2024,7
385,Producto_385,Ropa,,1509.5,31,ProveedorE,28/08/2024,6
15,Producto_15,Juguetes,LG,,33,ProveedorB,03/08/2024,11
301,Producto_301,Electrónica,Puma,2774.57,188,ProveedorD,18/07/2024,5
290,Producto_290,Juguetes,L'Oréal,4764.42,73,ProveedorE,25/11/2024,15
484,Producto_484,Alimentos,H&M,22.34,396,,14/04/2024,12
727,Producto_727,Deportes,Sony,690.54,200,ProveedorE,30/10/2023,5
330,Producto_330,Ropa,Herdez,4953.17,378,ProveedorC,30/08/2024,11
657,Producto_657,Alimentos,Sony,2289.19,500,ProveedorC,28/09/2023,15
487,Producto_487,Ropa,H&M,4263.59,403,ProveedorC,29/11/2024,2
253,Producto_253,Deportes,Puma,100.97,158,ProveedorB,08/08/2023,11
229,Producto_229,Hogar,Panasonic,3521.32,256,ProveedorE,15/11/2024,12
148,Producto_148,Belleza,Reebok,3802.35,104,ProveedorC,16/07/2024,5
180,Producto_180,Belleza,Adidas,459.77,151,ProveedorC,01/03/2024,6
238,Producto_238,Ropa,Maybelline,2325.13,288,ProveedorE,04/04/2024,19
447,Producto_447,Electrónica,H&M,4918.2,346,ProveedorD,06/12/2023,14
45,Producto_45,Deportes,Bimbo,4258.2,35,ProveedorE,11/03/2023,8
265,Producto_265,Alimentos,Samsung,2080.34,202,ProveedorE,18/01/2024,8
594,Producto_594,Electrónica,Whirlpool,401.06,349,ProveedorD,26/07/2023,5
84,Producto_84,Ropa,LEGO,2328.1,285,ProveedorB,05/05/2023,15
513,Producto_513,Belleza,Sony,,44,ProveedorD,29/04/2023,15
560,Producto_560,Juguetes,Maybelline,2715.2,89,ProveedorD,08/02/2023,3
359,Producto_359,Belleza,Mabe,932.06,71,ProveedorD,28/11/2023,8
649,Producto_649,Electrónica,Panasonic,1271.16,359,ProveedorB,30/07/2023,1
146,Producto_146,Electrónica,,4325.9,422,ProveedorA,04/11/2024,18
766,Producto_766,Belleza,LEGO,1329.96,370,ProveedorC,09/04/2024,20
477,Producto_477,Juguetes,Mattel,4029.15,291,ProveedorC,29/06/2024,9
662,Producto_662,Electrónica,Herdez,2007.25,233,ProveedorC,30/01/2024,16
564,Producto_564,Juguetes,Puma,4803.19,191,ProveedorD,23/08/2024,4
208,Producto_208,Electrónica,Mabe,4265.44,333,ProveedorE,09/08/2023,14
652,Producto_652,Electrónica,Nestlé,578.92,54,ProveedorD,23/07/2023,20
60,Producto_60,Ropa,Whirlpool,645.95,157,ProveedorC,10/02/2023,12
64,Producto_64,Alimentos,L'Oréal,3939.0,55,ProveedorD,09/02/2023,16
519,Producto_519,Juguetes,H&M,842.74,80,ProveedorC,16/04/2023,19
94,Producto_94,Juguetes,Whirlpool,2695.72,376,ProveedorE,09/09/2024,8
68,Producto_68,Alimentos,Samsung,585.56,496,ProveedorC,02/07/2023,19
418,Producto_418,Ropa,LG,88.13,106,ProveedorE,28/05/2023,13
442,Producto_442,Juguetes,Whirlpool,3368.16,71,ProveedorC,05/09/2023,9
379,Producto_379,Ropa,Zara,950.52,448,ProveedorA,02/02/2023,14
118,Producto_118,Alimentos,Sony,2027.96,124,ProveedorC,10/11/2024,19
436,Producto_436,Hogar,LG,2158.77,421,ProveedorE,20/05/2023,10
25,Producto_25,Electrónica,Barcel,1627.54,9,ProveedorA,07/01/2024,10
444,Producto_444,Deportes,Maybelline,2915.4,273,ProveedorE,09/12/2024,14
365,Producto_365,Alimentos,Whirlpool,3512.68,467,ProveedorD,04/07/2024,7
147,Producto_147,Hogar,Whirlpool,280.48,265,ProveedorC,29/09/2024,16
143,Producto_143,Electrónica,Maybelline,1746.33,,ProveedorC,17/11/2024,4
262,Producto_262,Juguetes,Zara,270.38,246,ProveedorC,21/07/2024,4
452,Producto_452,Alimentos,Reebok,3923.51,266,ProveedorD,23/12/2023,16
556,Producto_556,Electrónica,Sony,3287.75,136,ProveedorE,27/02/2023,8
667,Producto_667,Electrónica,Whirlpool,2209.03,,ProveedorC,01/11/2024,11
177,Producto_177,Juguetes,,3880.95,117,ProveedorE,27/12/2023,8
211,Producto_211,Belleza,Maybelline,345.0,425,ProveedorA,06/04/2023,14
387,Producto_387,Juguetes,LEGO,1600.48,213,ProveedorD,02/06/2023,10
6,Producto_6,Alimentos,Zara,785.84,490,ProveedorC,15/04/2023,3
675,Producto_675,Juguetes,Maybelline,2240.87,60,ProveedorD,31/10/2024,1
220,Producto_220,Deportes,Herdez,357.23,379,ProveedorA,04/04/2023,17
495,Producto_495,Juguetes,Mabe,4940.89,216,ProveedorB,04/05/2024,3
340,Producto_340,Deportes,Puma,3382.58,444,ProveedorC,16/09/2024,16
77,Producto_77,Hogar,H&M,3037.24,164,ProveedorD,28/03/2024,15
2,Producto_2,,Mabe,3386.73,456,ProveedorE,31/03/2023,19
78,Producto_78,Belleza,Mattel,2560.76,,ProveedorB,05/11/2024,3
798,Producto_798,Electrónica,Zara,347.1,324,ProveedorB,24/11/2024,8
337,Producto_337,Hogar,Mattel,2057.78,396,ProveedorE,27/04/2024,2
133,Producto_133,Deportes,Bimbo,791.1,209,ProveedorD,06/12/2024,20
615,Producto_615,Belleza,Sony,3391.7,137,ProveedorD,09/06/2024,1
614,Producto_614,Alimentos,Samsung,1938.96,83,ProveedorE,08/08/2023,8
73,Producto_73,Belleza,Mabe,3601.57,153,ProveedorE,13/11/2023,14
312,Producto_312,Belleza,Samsung,2495.21,321,ProveedorE,24/10/2023,10
607,Producto_607,Juguetes,Puma,4106.88,263,ProveedorB,09/03/2023,10
367,Producto_367,Deportes,Puma,399.73,288,ProveedorA,05/03/2023,18
713,Producto_713,Juguetes,Samsung,582.46,177,ProveedorD,04/09/2023,20
230,Producto_230,Electrónica,Herdez,4310.2,21,ProveedorD,20/01/2023,15
232,Producto_232,Alimentos,Mabe,2031.11,494,ProveedorC,25/06/2023,20
743,Producto_743,Juguetes,H&M,2898.71,393,ProveedorE,06/08/2023,2
131,Producto_131,Hogar,Nestlé,2847.46,30,ProveedorE,12/04/2023,7
610,Producto_610,Hogar,Nike,4590.98,360,ProveedorB,08/10/2023,12
110,Producto_110,Belleza,Adidas,2183.08,375,ProveedorE,28/10/2024,9
188,Producto_188,Belleza,Nestlé,3249.7,59,ProveedorB,16/02/2023,2
344,Producto_344,Juguetes,Puma,4773.5,411,ProveedorB,25/10/2023,2
733,Producto_733,Hogar,Panasonic,374.99,343,ProveedorA,14/09/2023,4
212,Producto_212,Electrónica,Puma,4060.73,284,ProveedorA,23/08/2024,18
437,Producto_437,Alimentos,Barcel,4736.92,102,ProveedorD,18/11/2023,6
674,Producto_674,Hogar,Sony,403.36,227,ProveedorE,03/04/2024,3
162,Producto_162,Electrónica,Adidas,2055.79,335,ProveedorB,18/03/2023,16
753,Producto_753,Belleza,Zara,4176.01,134,ProveedorE,11/07/2024,19
497,Producto_497,Alimentos,Nestlé,694.28,396,ProveedorB,18/10/2024,5
565,Producto_565,Alimentos,Nestlé,,499,ProveedorB,23/03/2024,16
173,Producto_173,Hogar,Puma,4938.38,153,ProveedorD,07/12/2024,9
259,Producto_259,Deportes,Sony,1554.24,414,ProveedorD,18/07/2023,12
206,Producto_206,Electrónica,Adidas,1382.33,324,ProveedorE,15/07/2024,11
533,Producto_533,Hogar,Bimbo,2908.05,258,ProveedorB,14/10/2024,13
634,Producto_634,Electrónica,Adidas,695.45,,ProveedorC,24/02/2024,19
54,Producto_54,Ropa,Zara,585.99,54,ProveedorE,09/06/2023,9
219,Producto_219,,Nestlé,4608.47,179,ProveedorA,05/07/2023,5
637,Producto_637,Ropa,L'Oréal,2885.63,81,ProveedorD,01/04/2023,5
401,Producto_401,Ropa,LG,1157.79,291,ProveedorB,26/05/2024,18
410,Producto_410,Juguetes,L'Oréal,544.01,49,ProveedorE,02/06/2023,8
439,Producto_439,Alimentos,Herdez,1408.7,402,ProveedorD,09/01/2024,4
626,Producto_626,Juguetes,Mattel,1722.4,365,ProveedorB,03/12/2024,18
212,Producto_212,Electrónica,Puma,4060.73,284,ProveedorA,23/08/2024,18
478,Producto_478,Deportes,Panasonic,850.2,360,ProveedorC,24/10/2023,19
710,Producto_710,Juguetes,LEGO,805.26,278,ProveedorE,18/02/2024,3
780,Producto_780,Alimentos,Panasonic,2779.01,129,ProveedorC,14/08/2024,12
505,Producto_505,Juguetes,Sony,2479.49,57,ProveedorB,26/05/2024,20
517,Producto_517,Alimentos,Whirlpool,1367.18,32,ProveedorC,30/12/2024,19
119,Producto_119,Alimentos,Maybelline,2771.83,176,ProveedorD,17/07/2024,11
52,Producto_52,Alimentos,Nestlé,797.16,426,ProveedorE,21/12/2024,10
521,Producto_521,Ropa,Nike,2364.11,196,ProveedorB,03/07/2023,2
794,Producto_794,Ropa,Whirlpool,2536.13,286,ProveedorA,30/05/2024,10
111,Producto_111,Deportes,Panasonic,3875.46,238,ProveedorD,29/08/2024,9
40,Producto_40,Hogar,Maybelline,2411.98,442,ProveedorD,02/03/2023,6
544,Producto_544,Juguetes,Sony,662.27,421,ProveedorD,17/01/2024,3
315,Producto_315,Alimentos,Barcel,726.91,441,ProveedorC,20/12/2023,13
397,Producto_397,Hogar,Reebok,2672.91,183,ProveedorC,25/09/2023,12
271,Producto_271,Belleza,Barcel,2291.0,56,ProveedorD,03/09/2024,18
137,Producto_137,Electrónica,Nike,837.95,157,ProveedorE,05/08/2024,10
697,Producto_697,Juguetes,L'Oréal,4917.83,349,ProveedorC,30/05/2023,2
663,Producto_663,Juguetes,Whirlpool,3247.74,408,ProveedorB,26/04/2023,5
213,Producto_213,Deportes,LG,3353.37,210,ProveedorC,12/11/2024,14
412,Producto_412,Electrónica,Puma,4796.9,235,ProveedorE,07/09/2023,8
466,Producto_466,Deportes,L'Oréal,2453.31,71,ProveedorB,19/11/2023,15
32,Producto_32,Ropa,Bimbo,4528.05,440,ProveedorC,14/03/2023,17
81,Producto_81,Ropa,Maybelline,3060.26,393,ProveedorA,11/04/2024,14
41,Producto_41,Hogar,Samsung,4926.69,135,,20/10/2023,14
252,Producto_252,Hogar,LG,4067.79,343,ProveedorE,06/04/2023,14
486,Producto_486,Hogar,Zara,1621.1,145,ProveedorC,14/07/2024,19
783,Producto_783,Deportes,Nike,812.08,493,ProveedorA,04/04/2023,5
37,Producto_37,Ropa,Panasonic,2248.58,216,ProveedorB,13/10/2023,15
597,Producto_597,Juguetes,Samsung,3934.89,319,ProveedorE,19/06/2024,14
736,Producto_736,Hogar,,3085.55,156,ProveedorE,06/06/2023,19
724,Producto_724,Belleza,Barcel,325.56,381,ProveedorE,16/02/2023,3
26,Producto_26,Ropa,Nike,1211.95,290,ProveedorA,29/03/2023,16
634,Producto_634,Electrónica,Adidas,695.45,,ProveedorC,24/02/2024,19
303,Producto_303,Juguetes,Whirlpool,4118.46,37,ProveedorB,21/11/2023,3
526,Producto_526,Hogar,Samsung,1850.91,149,ProveedorE,08/11/2023,20
567,Producto_567,Juguetes,Puma,1123.95,301,ProveedorB,23/01/2024,10
427,Producto_427,Hogar,Puma,3809.12,52,ProveedorB,31/03/2023,6
403,Producto_403,Hogar,L'Oréal,3666.53,180,ProveedorB,24/05/2023,18
293,Producto_293,Hogar,Bimbo,,271,ProveedorC,12/02/2024,11
704,Producto_704,Hogar,,4917.43,38,ProveedorB,27/06/2023,17
543,Producto_543,Hogar,Mabe,4021.44,71,ProveedorA,13/01/2023,2
723,Producto_723,Hogar,LG,94.29,344,ProveedorA,01/07/2024,1
396,Producto_396,Belleza,Mattel,1989.19,122,ProveedorE,26/11/2023,10
417,Producto_417,Electrónica,Bimbo,3425.3,143,ProveedorE,31/07/2024,2
798,Producto_798,Electrónica,Zara,347.1,324,ProveedorB,24/11/2024,8
17,Producto_17,Ropa,Sony,3727.5,275,ProveedorC,21/08/2024,14
604,Producto_604,Juguetes,Maybelline,4292.59,350,ProveedorA,22/08/2023,5
67,Producto_67,Juguetes,Zara,1762.22,260,ProveedorD,26/11/2024,18
542,Producto_542,Electrónica,Herdez,4274.46,284,ProveedorE,13/09/2023,4
35,Producto_35,Electrónica,Whirlpool,1777.94,210,ProveedorD,25/02/2023,4
268,Producto_268,Juguetes,Maybelline,2248.52,,ProveedorA,20/01/2023,9
50,Producto_50,Electrónica,Reebok,3109.58,288,ProveedorA,17/03/2023,18
57,Producto_57,Juguetes,Zara,229.99,170,ProveedorB,14/10/2024,9
390,Producto_390,Hogar,Panasonic,2654.66,198,ProveedorB,19/09/2023,7
546,Producto_546,Ropa,Reebok,4048.4,47,ProveedorC,06/05/2023,2
210,Producto_210,Belleza,Mabe,1569.62,160,ProveedorC,19/01/2024,5
613,Producto_613,Deportes,Puma,1727.8,428,ProveedorC,06/12/2024,3
145,Producto_145,Juguetes,Panasonic,193.12,45,ProveedorC,16/09/2023,11
314,Producto_314,Electrónica,Nike,798.82,212,ProveedorD,20/04/2024,7
421,Producto_421,Electrónica,Mabe,2191.07,429,ProveedorA,15/12/2023,20
283,Producto_283,Alimentos,Mabe,3998.72,223,ProveedorD,26/03/2024,13
255,Producto_255,Juguetes,Mabe,2543.37,276,ProveedorE,08/02/2023,11
350,Producto_350,Hogar,Mattel,3782.0,,ProveedorC,20/10/2023,2
643,Producto_643,Belleza,LEGO,2985.89,172,ProveedorD,04/12/2024,5
409,Producto_409,Belleza,Zara,2683.33,146,ProveedorA,29/05/2024,14
199,Producto_199,Juguetes,L'Oréal,558.53,443,ProveedorA,15/05/2023,1
538,Producto_538,Deportes,Puma,4823.53,106,ProveedorD,12/11/2023,15
338,Producto_338,Belleza,Adidas,2598.23,287,ProveedorC,09/11/2024,16
522,Producto_522,Deportes,Whirlpool,1130.33,127,ProveedorD,24/11/2023,9
165,Producto_165,Belleza,Maybelline,4363.19,18,ProveedorE,12/03/2023,8
123,Producto_123,Electrónica,Mattel,1488.27,184,ProveedorB,06/11/2023,1
361,Producto_361,Deportes,H&M,67.06,334,ProveedorC,10/12/2024,8
555,Producto_555,Electrónica,Maybelline,2651.87,392,ProveedorE,27/08/2023,6
609,Producto_609,Ropa,Mattel,4377.15,102,ProveedorA,13/09/2023,2
584,Producto_584,Belleza,Nestlé,4885.52,242,ProveedorA,12/11/2023,13
95,Producto_95,Hogar,Sony,1371.95,248,ProveedorA,03/02/2024,11
195,Producto_195,Belleza,Mattel,3212.11,305,ProveedorA,21/02/2023,11
260,Producto_260,Belleza,H&M,4922.35,236,ProveedorC,27/01/2024,17
765,Producto_765,Juguetes,Whirlpool,,406,ProveedorE,06/07/2023,20
799,Producto_799,Juguetes,LG,2068.01,180,ProveedorE,02/07/2024,1
605,Producto_605,,Reebok,3872.41,164,ProveedorC,02/03/2024,20
680,Producto_680,Belleza,Reebok,578.98,388,ProveedorB,03/01/2023,11
698,Producto_698,Belleza,Nestlé,1027.96,277,ProveedorA,03/01/2024,15
632,Producto_632,Juguetes,H&M,2905.76,317,ProveedorA,28/04/2024,7
152,Producto_152,Belleza,Adidas,2496.89,366,ProveedorC,05/06/2024,9
231,Producto_231,Electrónica,LG,2883.04,293,ProveedorD,27/12/2024,14
438,Producto_438,Hogar,LG,1464.33,355,ProveedorD,12/08/2024,8
272,Producto_272,Electrónica,LEGO,2879.49,367,ProveedorB,26/10/2023,14
687,Producto_687,Deportes,L'Oréal,3462.17,88,ProveedorB,17/04/2023,13
520,Producto_520,Belleza,Mabe,1149.74,260,ProveedorA,15/02/2023,1
284,Producto_284,Alimentos,L'Oréal,2486.05,254,ProveedorC,15/06/2024,9
585,Producto_585,Hogar,Maybelline,4475.44,135,ProveedorA,19/10/2024,18
141,Producto_141,Juguetes,Zara,2885.47,390,ProveedorB,26/04/2024,17
240,Producto_240,Electrónica,Maybelline,2216.62,155,ProveedorC,28/08/2024,2
601,Producto_601,Electrónica,L'Oréal,1384.32,73,ProveedorE,15/09/2024,13
711,Producto_711,Alimentos,Sony,4418.15,339,ProveedorC,06/12/2023,12
707,Producto_707,Electrónica,Adidas,4643.85,305,ProveedorA,02/10/2024,20
549,Producto_549,Alimentos,Zara,2235.6,76,ProveedorA,20/09/2024,20
96,Producto_96,Belleza,Herdez,3623.67,430,ProveedorD,11/05/2023,20
635,Producto_635,Hogar,Adidas,1588.75,366,ProveedorB,24/03/2023,16
653,Producto_653,Ropa,Zara,4159.18,498,ProveedorB,02/01/2024,14
251,Producto_251,Belleza,Herdez,653.47,362,ProveedorA,14/11/2023,18
357,Producto_357,Juguetes,Nestlé,2843.23,387,ProveedorB,29/06/2023,20
671,Producto_671,Deportes,Nike,68.11,478,ProveedorB,01/06/2024,16
151,Producto_151,,Bimbo,1131.26,430,ProveedorA,17/04/2024,4
774,Producto_774,Ropa,Zara,2390.93,119,ProveedorA,18/10/2023,20
603,Producto_603,Alimentos,Puma,110.96,418,ProveedorC,15/11/2023,9
362,Producto_362,Electrónica,Mabe,2332.32,81,ProveedorD,03/12/2024,17
249,Producto_249,Electrónica,Panasonic,3395.11,145,ProveedorC,03/11/2024,20
719,Producto_719,Juguetes,Mabe,1035.84,424,ProveedorD,24/10/2024,3
509,Producto_509,Juguetes,Herdez,2537.99,321,ProveedorE,01/03/2024,14
69,Producto_69,Alimentos,Nike,550.93,222,ProveedorC,18/11/2023,14
796,Producto_796,Alimentos,Reebok,4830.62,288,ProveedorD,07/09/2023,11
184,Producto_184,Juguetes,Panasonic,1835.22,404,ProveedorD,15/01/2023,9
577,Producto_577,Alimentos,L'Oréal,4440.78,82,ProveedorA,14/07/2024,3
440,Producto_440,Deportes,,2965.21,279,ProveedorB,29/11/2024,18
596,Producto_596,Deportes,Herdez,2764.75,438,ProveedorC,16/06/2024,15
729,Producto_729,Electrónica,Nike,35.1,305,ProveedorD,04/07/2024,18
376,Producto_376,Electrónica,L'Oréal,4964.31,201,ProveedorE,11/05/2023,8
225,Producto_225,Juguetes,LEGO,577.95,220,ProveedorA,18/10/2023,19
178,Producto_178,Belleza,Mattel,3108.25,347,ProveedorB,05/10/2024,4
762,Producto_762,Ropa,Nike,840.04,472,ProveedorB,13/06/2024,13
741,Producto_741,Juguetes,Adidas,4457.57,100,ProveedorC,03/10/2024,3
755,Producto_755,Deportes,Zara,1887.88,464,ProveedorB,12/06/2024,13
286,Producto_286,Deportes,Nestlé,1612.85,40,ProveedorC,07/11/2024,10
163,Producto_163,Juguetes,Zara,1699.42,354,ProveedorD,27/10/2024,3
120,Producto_120,Alimentos,Reebok,1361.87,128,ProveedorB,04/05/2023,7
250,Producto_250,Juguetes,Adidas,1673.48,298,ProveedorB,25/12/2023,10
65,Producto_65,Ropa,Mattel,4084.77,235,ProveedorC,09/11/2023,8
55,Producto_55,Alimentos,Barcel,1061.04,175,ProveedorB,04/12/2024,9
406,Producto_406,Ropa,Sony,349.16,77,ProveedorA,12/08/2023,17
275,Producto_275,Deportes,Samsung,1958.36,240,ProveedorA,12/10/2024,13
276,Producto_276,Alimentos,,3739.11,182,ProveedorA,20/12/2023,8
79,Producto_79,Alimentos,LEGO,3322.63,317,ProveedorC,06/04/2023,8
331,Producto_331,Deportes,LEGO,2666.38,,ProveedorE,03/11/2023,16
183,Producto_183,Juguetes,Mabe,2346.97,38,ProveedorB,20/08/2023,13
563,Producto_563,Electrónica,Samsung,,360,ProveedorB,24/04/2023,17
31,Producto_31,Deportes,Sony,2946.32,3,ProveedorA,25/12/2024,2
321,Producto_321,Ropa,Mattel,2920.89,24,ProveedorA,16/10/2023,16
800,Producto_800,Belleza,Zara,1248.81,47,ProveedorD,20/11/2024,11
174,Producto_174,Hogar,Nestlé,,196,ProveedorD,20/04/2023,8
638,Producto_638,Deportes,Whirlpool,3171.1,206,ProveedorD,03/05/2024,13
681,Producto_681,Alimentos,Nestlé,2742.98,191,ProveedorA,16/02/2023,6
47,Producto_47,Electrónica,Barcel,419.1,336,ProveedorE,01/08/2024,17
572,Producto_572,Hogar,Samsung,1333.41,127,ProveedorA,25/12/2023,9
699,Producto_699,Electrónica,Barcel,4341.5,378,ProveedorE,18/08/2023,18
701,Producto_701,Hogar,Herdez,2088.67,403,ProveedorC,19/07/2024,2
46,Producto_46,Hogar,Mabe,4708.56,291,ProveedorB,15/08/2024,20
272,Producto_272,Electrónica,LEGO,2879.49,367,ProveedorB,26/10/2023,14
541,Producto_541,,Herdez,2572.16,346,ProveedorC,24/09/2023,6
80,Producto_80,Belleza,Nestlé,1130.96,101,ProveedorB,26/01/2023,2
306,Producto_306,Ropa,Nestlé,831.64,165,ProveedorB,21/12/2023,17
592,Producto_592,Deportes,LEGO,4004.25,346,ProveedorE,31/05/2023,4
244,Producto_244,Belleza,,1614.42,243,ProveedorE,04/06/2023,2
354,Producto_354,Electrónica,LG,1429.96,328,ProveedorE,20/06/2024,16
516,Producto_516,Deportes,Zara,843.15,64,ProveedorC,01/05/2023,1
298,Producto_298,Belleza,Puma,3550.61,281,ProveedorE,25/10/2023,10
476,Producto_476,Juguetes,Barcel,3167.53,84,ProveedorE,23/05/2023,7
5,Producto_5,Hogar,H&M,1398.17,445,ProveedorA,13/06/2023,14
717,Producto_717,Alimentos,LEGO,420.9,49,ProveedorB,04/07/2024,18
573,Producto_573,Juguetes,Mabe,3604.86,24,ProveedorD,24/03/2024,14
203,Producto_203,Deportes,Nike,3638.94,465,ProveedorE,05/11/2023,15
734,Producto_734,Ropa,H&M,2441.08,169,ProveedorC,12/05/2023,8
740,Producto_740,Hogar,Panasonic,553.07,330,ProveedorE,25/03/2023,9
142,Producto_142,Belleza,Reebok,4581.2,92,ProveedorE,22/03/2024,16
688,Producto_688,Belleza,Barcel,3034.74,164,ProveedorE,29/01/2024,14
730,Producto_730,,Nestlé,1058.16,379,ProveedorC,05/08/2023,14
580,Producto_580,Alimentos,Mattel,4872.25,209,ProveedorE,07/07/2024,9
167,Producto_167,Juguetes,Mabe,2223.96,355,ProveedorC,30/01/2023,2
529,Producto_529,Deportes,Puma,3183.35,355,ProveedorA,10/12/2023,1
678,Producto_678,Ropa,Reebok,4752.27,186,ProveedorA,17/08/2023,15
121,Producto_121,Alimentos,Mabe,3716.98,486,ProveedorB,16/07/2023,7
518,Producto_518,Belleza,Bimbo,,261,ProveedorC,26/02/2023,16
112,Producto_112,Alimentos,Sony,4155.35,44,ProveedorC,06/04/2024,8
342,Producto_342,Belleza,Mattel,3454.3,250,ProveedorC,06/05/2024,12
761,Producto_761,Ropa,H&M,2965.81,68,ProveedorE,10/02/2023,19
648,Producto_648,Belleza,Samsung,250.69,59,ProveedorD,30/03/2024,13
455,Producto_455,Belleza,Sony,2584.81,282,ProveedorB,05/12/2023,18
772,Producto_772,Alimentos,Nike,3491.24,219,ProveedorB,08/05/2024,13
493,Producto_493,Belleza,Mabe,15.42,244,ProveedorA,16/05/2023,19
153,Producto_153,Hogar,Maybelline,4901.42,124,ProveedorD,18/07/2024,5
327,Producto_327,Alimentos,Adidas,1003.3,260,ProveedorD,27/05/2024,2
247,Producto_247,Deportes,Barcel,802.14,190,ProveedorC,01/02/2024,14
642,Producto_642,Alimentos,L'Oréal,335.78,23,ProveedorC,25/10/2023,15
7,Producto_7,Hogar,Mabe,1801.31,176,ProveedorE,28/09/2023,2
625,Producto_625,Hogar,Herdez,1947.49,18,ProveedorE,26/12/2024,19
629,Producto_629,Electrónica,Maybelline,648.44,132,ProveedorE,07/07/2023,11
777,Producto_777,Hogar,Puma,541.85,218,ProveedorE,17/09/2023,9
22,Producto_22,Electrónica,Nestlé,2179.48,232,ProveedorA,27/09/2023,17
373,Producto_373,Alimentos,Bimbo,2710.41,30,ProveedorA,28/04/2024,2
555,Producto_555,Electrónica,Maybelline,2651.87,392,ProveedorE,27/08/2023,6
566,Producto_566,Belleza,LG,879.27,495,ProveedorE,11/12/2024,20
682,Producto_682,Hogar,Adidas,4110.97,380,ProveedorD,20/04/2023,9
480,Producto_480,Electrónica,Zara,4336.57,64,ProveedorB,13/09/2023,5
598,Producto_598,Electrónica,Whirlpool,756.72,290,ProveedorE,19/08/2024,4
349,Producto_349,Electrónica,Panasonic,4889.77,80,ProveedorD,30/10/2024,16
200,Producto_200,Alimentos,Sony,2948.38,8,ProveedorB,29/09/2023,2
790,Producto_790,Alimentos,Herdez,1772.11,202,ProveedorD,23/08/2024,7
644,Producto_644,Alimentos,Maybelline,1802.66,96,ProveedorB,18/02/2024,1
341,Producto_341,Ropa,Sony,1402.24,152,ProveedorB,01/11/2023,10
599,Producto_599,Electrónica,H&M,3899.93,402,ProveedorC,02/07/2024,12
765,Producto_765,Juguetes,Whirlpool,,406,ProveedorE,06/07/2023,20
498,Producto_498,Electrónica,LEGO,2820.82,312,ProveedorB,26/03/2024,12
377,Producto_377,Juguetes,Samsung,3783.34,500,ProveedorC,19/04/2024,18
236,Producto_236,Ropa,Puma,1761.99,490,ProveedorB,30/08/2023,4
737,Producto_737,Deportes,Puma,4040.42,490,ProveedorD,22/06/2023,1
18,Producto_18,Deportes,Herdez,1816.36,70,ProveedorE,20/05/2024,3
378,Producto_378,Hogar,Panasonic,1902.59,117,ProveedorB,16/04/2024,12
127,Producto_127,Alimentos,Maybelline,579.29,33,ProveedorD,18/05/2024,3
227,Producto_227,Electrónica,Samsung,1030.07,484,ProveedorB,21/05/2023,9
395,Producto_395,Ropa,Mattel,4810.77,60,ProveedorD,06/09/2023,20
198,Producto_198,Electrónica,Zara,4293.45,74,ProveedorB,07/07/2024,9
128,Producto_128,Deportes,Nike,767.12,415,ProveedorE,08/11/2023,3
627,Producto_627,Belleza,Maybelline,4533.57,343,ProveedorC,03/06/2024,10
394,Producto_394,Ropa,Maybelline,1052.36,464,ProveedorC,07/11/2023,1
744,Producto_744,Deportes,Zara,2721.91,276,ProveedorD,31/10/2024,5
63,Producto_63,Electrónica,L'Oréal,3685.46,170,ProveedorD,16/11/2024,8
7,Producto_7,Hogar,Mabe,1801.31,176,ProveedorE,28/09/2023,2
425,Producto_425,Belleza,Bimbo,419.37,78,ProveedorD,29/12/2024,5
196,Producto_196,Ropa,Adidas,3937.02,105,ProveedorA,21/07/2024,7
419,Producto_419,Electrónica,Nestlé,820.63,123,ProveedorE,03/02/2024,18
611,Producto_611,Juguetes,Reebok,2530.58,325,ProveedorA,28/11/2024,1
527,Producto_527,Ropa,Reebok,1847.69,497,ProveedorD,20/07/2023,18
459,Producto_459,Deportes,Mabe,3999.52,274,ProveedorB,10/01/2024,11
197,Producto_197,Deportes,Mattel,4067.13,119,ProveedorC,01/06/2023,20
186,Producto_186,Juguetes,Puma,550.65,119,ProveedorD,26/01/2023,20
482,Producto_482,Deportes,Zara,3142.79,192,ProveedorD,19/03/2023,3
684,Producto_684,Juguetes,Mattel,3586.77,55,ProveedorD,17/02/2023,19
402,Producto_402,Belleza,LG,1294.06,420,ProveedorD,19/10/2024,16
273,Producto_273,Electrónica,Barcel,1770.55,292,ProveedorD,11/07/2023,3
58,Producto_58,Ropa,Reebok,2762.89,218,ProveedorE,10/01/2023,4
758,Producto_758,Ropa,Adidas,942.66,185,ProveedorE,02/05/2023,8
83,Producto_83,Ropa,Adidas,3283.73,2,ProveedorA,11/03/2024,8
339,Producto_339,Deportes,Herdez,1575.63,88,ProveedorD,29/06/2024,11
33,Producto_33,Ropa,Zara,3348.2,109,ProveedorE,16/05/2023,19
695,Producto_695,Belleza,Panasonic,1436.78,433,ProveedorD,14/01/2023,17
494,Producto_494,Ropa,LEGO,3403.11,4,ProveedorA,13/12/2024,11
693,Producto_693,Belleza,L'Oréal,2524.43,355,ProveedorC,28/12/2024,4
320,Producto_320,Hogar,Nestlé,2491.88,46,ProveedorD,01/06/2024,15
431,Producto_431,Deportes,LEGO,856.22,194,ProveedorB,23/05/2023,9
351,Producto_351,Juguetes,Bimbo,3264.97,118,ProveedorE,08/02/2023,6
223,Producto_223,Ropa,L'Oréal,3774.64,25,ProveedorA,06/10/2023,15
506,Producto_506,Electrónica,LEGO,4444.74,6,ProveedorC,21/11/2023,5
16,Producto_16,Ropa,Maybelline,1984.2,468,ProveedorD,27/05/2023,9
155,Producto_155,Juguetes,Whirlpool,1705.98,403,ProveedorE,01/10/2023,1
93,Producto_93,Juguetes,H&M,1908.1,3,ProveedorC,02/11/2023,13
239,Producto_239,,Barcel,1622.81,497,ProveedorC,04/06/2023,15
588,Producto_588,Electrónica,Adidas,3763.65,341,ProveedorA,29/03/2023,12
449,Producto_449,Deportes,H&M,1112.95,191,ProveedorD,19/04/2024,19
673,Producto_673,,Zara,261.25,114,ProveedorE,20/10/2024,13
559,Producto_559,Belleza,Puma,4738.32,288,ProveedorB,30/07/2024,7
289,Producto_289,Alimentos,Nike,384.46,326,ProveedorD,08/01/2024,17
105,Producto_105,Electrónica,Nestlé,2883.23,464,ProveedorD,11/02/2024,7
191,Producto_191,Belleza,Adidas,4428.21,335,ProveedorA,16/05/2024,20
23,Producto_23,Juguetes,L'Oréal,2543.33,54,ProveedorC,16/10/2024,17
51,Producto_51,Ropa,LEGO,1333.35,477,ProveedorC,12/03/2023,8
156,Producto_156,Alimentos,Nestlé,4189.0,296,ProveedorD,02/06/2023,15
20,Producto_20,Deportes,Bimbo,1929.99,305,ProveedorD,25/06/2024,9
329,Producto_329,Ropa,Barcel,,71,ProveedorC,19/09/2024,11
557,Producto_557,Deportes,Herdez,1780.48,429,ProveedorB,30/06/2023,8
587,Producto_587,Electrónica,Zara,2204.3,134,ProveedorB,03/10/2023,19
579,Producto_579,Hogar,L'Oréal,3040.51,222,ProveedorB,24/02/2023,4
464,Producto_464,Alimentos,Adidas,2559.02,214,ProveedorE,22/05/2023,19
467,Producto_467,Deportes,Nike,4328.96,487,ProveedorA,11/05/2024,5
114,Producto_114,Hogar,LG,917.38,108,ProveedorC,22/09/2023,11
297,Producto_297,Ropa,Bimbo,2265.69,460,ProveedorD,31/03/2023,11
593,Producto_593,Juguetes,Reebok,872.67,85,ProveedorB,17/07/2023,5
187,Producto_187,Deportes,LG,4577.13,,ProveedorA,12/10/2024,15
71,Producto_71,Electrónica,Whirlpool,18.44,,ProveedorE,04/12/2024,7
193,Producto_193,Ropa,Puma,505.78,351,ProveedorC,11/07/2024,12
600,Producto_600,Hogar,Zara,1921.39,248,ProveedorE,15/09/2024,16
789,Producto_789,Belleza,Nike,1805.1,335,ProveedorA,11/06/2023,3
545,Producto_545,Deportes,H&M,1301.52,416,ProveedorA,23/01/2023,3
322,Producto_322,Deportes,Maybelline,1435.88,4,ProveedorA,17/03/2024,5
622,Producto_622,Juguetes,Zara,1313.12,364,ProveedorC,12/07/2023,5
748,Producto_748,Juguetes,LEGO,710.45,81,ProveedorB,02/08/2024,19
246,Producto_246,Belleza,L'Oréal,205.32,362,ProveedorD,25/03/2024,17
433,Producto_433,Hogar,Nestlé,2426.31,39,ProveedorC,15/09/2023,8
658,Producto_658,Electrónica,Mabe,4067.76,447,ProveedorA,25/10/2023,12
791,Producto_791,Deportes,Samsung,3687.26,35,ProveedorA,16/07/2024,10
226,Producto_226,Hogar,LEGO,3338.99,23,ProveedorB,09/02/2024,20
388,Producto_388,Hogar,L'Oréal,3774.54,242,ProveedorB,19/08/2023,10
639,Producto_639,Electrónica,Nike,2673.58,374,ProveedorC,15/01/2023,11
735,Producto_735,,Nestlé,3101.38,460,ProveedorB,22/11/2023,16
256,Producto_256,Juguetes,Barcel,663.93,192,ProveedorB,16/06/2023,6
672,Producto_672,Juguetes,Maybelline,4348.38,38,ProveedorD,25/11/2023,8
448,Producto_448,Electrónica,Samsung,502.05,113,ProveedorE,15/06/2024,18
575,Producto_575,Electrónica,Maybelline,3945.76,295,ProveedorB,16/06/2023,15
779,Producto_779,Juguetes,Mattel,2072.01,401,ProveedorE,09/05/2024,6
194,Producto_194,Electrónica,Herdez,1386.65,495,ProveedorA,10/04/2024,3
383,Producto_383,Alimentos,Sony,4080.77,374,ProveedorE,23/11/2023,19
714,Producto_714,Deportes,Sony,,349,ProveedorC,26/01/2024,4
8,Producto_8,Belleza,Reebok,2685.78,498,ProveedorD,22/03/2023,18
237,Producto_237,Ropa,Zara,,308,ProveedorB,02/11/2024,3
300,Producto_300,Ropa,Mabe,4925.81,405,ProveedorB,31/08/2023,16
441,Producto_441,Electrónica,Reebok,4715.44,107,ProveedorD,26/10/2023,3
754,Producto_754,Ropa,Herdez,3271.84,187,ProveedorE,31/10/2024,3
307,Producto_307,Alimentos,Bimbo,1260.52,325,ProveedorE,09/10/2023,5
489,Producto_489,Juguetes,L'Oréal,2212.02,0,ProveedorD,27/07/2023,5
504,Producto_504,Deportes,LEGO,,200,ProveedorC,23/10/2024,2
488,Producto_488,Electrónica,Mabe,3134.64,428,ProveedorD,17/01/2023,4
548,Producto_548,Electrónica,Herdez,3419.23,88,ProveedorC,08/08/2023,6
481,Producto_481,Belleza,LG,4144.12,389,ProveedorD,16/05/2024,5
715,Producto_715,Hogar,Zara,2705.78,144,ProveedorA,13/06/2024,12
720,Producto_720,Belleza,Adidas,128.53,367,ProveedorC,08/02/2023,3
140,Producto_140,Deportes,Zara,139.07,117,ProveedorE,24/08/2024,1
536,Producto_536,Alimentos,Sony,382.69,103,ProveedorB,21/08/2024,4
1,Producto_1,,Mabe,134.8,140,ProveedorB,17/08/2023,5
11,Producto_11,Alimentos,Reebok,3182.07,186,ProveedorB,15/01/2024,12
311,Producto_311,Belleza,H&M,1330.63,107,ProveedorE,02/03/2024,20
641,Producto_641,Ropa,Puma,1567.34,52,ProveedorD,30/05/2024,19
726,Producto_726,Alimentos,Reebok,1913.25,420,ProveedorA,30/04/2024,6
423,Producto_423,Juguetes,Reebok,2458.11,182,ProveedorE,20/01/2024,14
785,Producto_785,Electrónica,Barcel,198.4,196,ProveedorD,20/09/2024,17
316,Producto_316,Ropa,Puma,2579.75,54,ProveedorC,05/09/2023,15
453,Producto_453,Electrónica,Reebok,3612.75,231,ProveedorC,10/03/2023,10
92,Producto_92,Ropa,Whirlpool,1953.49,394,ProveedorE,13/12/2024,1
233,Producto_233,Hogar,Puma,449.77,432,ProveedorA,07/09/2023,14
618,Producto_618,Hogar,Herdez,4259.42,235,ProveedorC,12/08/2023,15
494,Producto_494,Ropa,LEGO,3403.11,4,ProveedorA,13/12/2024,11
205,Producto_205,Hogar,Reebok,376.72,41,ProveedorC,14/09/2024,5
318,Producto_318,Hogar,Barcel,2096.49,492,ProveedorB,02/12/2023,19
747,Producto_747,Belleza,Sony,4241.43,412,ProveedorE,01/12/2024,6
749,Producto_749,Belleza,,3682.24,247,ProveedorC,11/02/2023,8
446,Producto_446,Electrónica,Sony,3291.43,181,ProveedorB,24/10/2024,20
578,Producto_578,Alimentos,Barcel,4926.53,457,ProveedorD,22/12/2024,1
468,Producto_468,Ropa,Herdez,4819.51,258,ProveedorD,23/02/2024,16
612,Producto_612,Ropa,Puma,2449.05,228,ProveedorB,30/04/2024,19
606,Producto_606,Belleza,Bimbo,947.8,108,ProveedorD,11/05/2024,17
182,Producto_182,Alimentos,L'Oréal,1292.28,422,ProveedorD,30/10/2023,11
553,Producto_553,Juguetes,Maybelline,1726.73,289,ProveedorE,26/11/2023,13
139,Producto_139,Deportes,Maybelline,2194.42,306,ProveedorA,18/03/2024,11
670,Producto_670,Hogar,Puma,3321.92,,ProveedorD,02/06/2023,18
650,Producto_650,Alimentos,,3311.71,339,ProveedorE,04/10/2023,20
279,Producto_279,Belleza,Maybelline,3162.36,415,ProveedorB,06/03/2023,15
235,Producto_235,Alimentos,L'Oréal,391.13,324,ProveedorA,27/06/2024,17
479,Producto_479,Alimentos,LEGO,4927.59,347,ProveedorA,19/05/2023,14
731,Producto_731,Belleza,LEGO,720.85,94,ProveedorB,23/09/2024,9
797,Producto_797,Juguetes,Reebok,3411.16,459,ProveedorE,29/01/2023,16
366,Producto_366,,Sony,3404.91,305,ProveedorA,22/06/2024,15
36,Producto_36,Electrónica,Herdez,3643.79,,ProveedorA,12/09/2023,7
30,Producto_30,Hogar,Mabe,1247.05,32,ProveedorC,22/01/2023,19
175,Producto_175,Hogar,H&M,1801.21,151,ProveedorC,23/01/2023,13
540,Producto_540,Electrónica,Mattel,4181.26,167,ProveedorB,04/04/2023,8
770,Producto_770,,Mabe,475.02,337,ProveedorB,09/09/2024,18
130,Producto_130,Ropa,LEGO,1908.09,465,ProveedorD,01/11/2023,19
454,Producto_454,Electrónica,Mabe,122.7,175,ProveedorA,24/11/2024,6
291,Producto_291,Electrónica,Adidas,345.49,398,ProveedorC,06/01/2024,13
254,Producto_254,Juguetes,Maybelline,968.11,70,ProveedorB,21/03/2023,10
767,Producto_767,Deportes,Bimbo,1156.77,197,ProveedorB,22/04/2023,1
317,Producto_317,Electrónica,Zara,2253.48,72,ProveedorA,21/02/2023,10
400,Producto_400,Alimentos,Panasonic,4674.44,296,ProveedorD,30/10/2023,5
87,Producto_87,Belleza,Maybelline,2255.85,384,ProveedorB,14/10/2024,9
160,Producto_160,Hogar,Adidas,2481.69,,ProveedorB,29/05/2024,19
633,Producto_633,Deportes,Mabe,4338.81,195,ProveedorE,02/11/2023,14
269,Producto_269,Ropa,Adidas,2748.53,372,ProveedorE,24/06/2024,14
107,Producto_107,Juguetes,Barcel,4029.58,407,ProveedorE,12/02/2023,12
86,Producto_86,Deportes,LEGO,2139.44,464,ProveedorE,01/04/2024,6
537,Producto_537,Ropa,Mabe,830.23,238,ProveedorC,21/02/2024,4
655,Producto_655,Alimentos,Sony,23.66,343,ProveedorA,24/04/2023,19
27,Producto_27,Juguetes,Bimbo,4890.14,272,ProveedorB,12/05/2023,16
256,Producto_256,Juguetes,Barcel,663.93,192,ProveedorB,16/06/2023,6
792,Producto_792,Belleza,Panasonic,4575.89,178,ProveedorC,11/10/2023,8
755,Producto_755,Deportes,Zara,1887.88,464,ProveedorB,12/06/2024,13
66,Producto_66,Ropa,Samsung,3303.57,204,ProveedorC,13/10/2023,3
98,Producto_98,Electrónica,Whirlpool,687.14,236,,21/02/2023,9
106,Producto_106,Electrónica,H&M,3456.17,321,ProveedorB,15/04/2023,10
407,Producto_407,Hogar,Puma,311.65,326,ProveedorE,09/05/2024,16
171,Producto_171,Ropa,Sony,2311.14,130,ProveedorD,19/09/2023,1
781,Producto_781,Juguetes,Herdez,3681.55,437,ProveedorA,24/08/2023,15
683,Producto_683,Deportes,Mattel,945.84,476,ProveedorD,09/08/2023,15
258,Producto_258,Alimentos,Sony,4848.25,312,ProveedorC,04/04/2024,8
241,Producto_241,Alimentos,LEGO,380.21,236,ProveedorD,08/02/2023,2
129,Producto_129,Ropa,Mabe,2794.78,213,ProveedorE,02/09/2024,20
24,Producto_24,Deportes,Mattel,772.67,390,ProveedorB,06/07/2024,17
784,Producto_784,Hogar,Barcel,2182.53,32,ProveedorC,16/08/2023,12
692,Producto_692,Ropa,Mattel,3124.6,148,ProveedorC,19/11/2024,5
424,Producto_424,Ropa,H&M,3306.75,43,ProveedorE,30/10/2023,8
773,Producto_773,Alimentos,H&M,4025.06,464,ProveedorE,11/04/2023,14
534,Producto_534,Electrónica,H&M,2843.43,222,ProveedorB,31/08/2023,10
602,Producto_602,Electrónica,Herdez,4448.98,169,ProveedorB,20/02/2023,16
372,Producto_372,,Samsung,3731.56,296,ProveedorA,16/02/2023,14
456,Producto_456,Hogar,Reebok,1166.96,207,ProveedorB,10/07/2023,14
278,Producto_278,Alimentos,Panasonic,1699.35,329,ProveedorB,02/12/2024,15
405,Producto_405,Juguetes,,4726.49,342,ProveedorA,07/01/2023,14
661,Producto_661,Deportes,,4393.59,47,ProveedorC,17/12/2023,6
620,Producto_620,Deportes,Puma,2811.67,304,ProveedorE,17/10/2023,10
274,Producto_274,Deportes,Puma,347.72,269,ProveedorE,03/06/2024,17
299,Producto_299,Juguetes,L'Oréal,3561.93,474,ProveedorB,06/01/2024,17
669,Producto_669,Deportes,LEGO,3444.33,316,ProveedorA,19/03/2024,8
325,Producto_325,Deportes,Reebok,3824.38,143,ProveedorE,27/11/2024,20
322,Producto_322,Deportes,Maybelline,1435.88,4,ProveedorA,17/03/2024,5
234,Producto_234,Deportes,Herdez,2624.57,202,ProveedorC,14/12/2023,8
786,Producto_786,Alimentos,Barcel,296.74,396,ProveedorB,17/10/2024,16
166,Producto_166,Belleza,Nestlé,4987.16,382,ProveedorA,20/03/2024,4
82,Producto_82,Belleza,H&M,980.23,356,ProveedorD,21/05/2024,13
74,Producto_74,Alimentos,Herdez,3489.07,283,ProveedorB,16/07/2023,14
415,Producto_415,Electrónica,Maybelline,4228.2,330,ProveedorC,02/08/2024,4
778,Producto_778,Juguetes,Panasonic,2123.57,187,ProveedorE,10/10/2023,13
787,Producto_787,Hogar,Samsung,1016.52,336,ProveedorE,20/10/2023,7
694,Producto_694,Juguetes,Puma,2815.78,298,ProveedorE,14/11/2024,14
752,Producto_752,Hogar,Nike,209.12,332,ProveedorC,16/04/2023,17
346,Producto_346,Ropa,Panasonic,1362.95,287,ProveedorC,21/05/2023,4
656,Producto_656,Belleza,Maybelline,754.23,46,ProveedorE,18/03/2023,4
172,Producto_172,Juguetes,Reebok,4507.04,346,ProveedorE,11/06/2023,3
149,Producto_149,Alimentos,Reebok,4405.42,248,ProveedorA,30/01/2023,20
647,Producto_647,Juguetes,Panasonic,3119.44,304,ProveedorA,08/11/2024,4
475,Producto_475,,Sony,1057.29,377,ProveedorE,06/12/2024,12
294,Producto_294,Belleza,Zara,1255.56,58,ProveedorA,10/07/2023,16
629,Producto_629,Electrónica,Maybelline,648.44,132,ProveedorE,07/07/2023,11
760,Producto_760,Deportes,L'Oréal,3239.82,210,ProveedorA,07/09/2023,2
81,Producto_81,Ropa,Maybelline,3060.26,393,ProveedorA,11/04/2024,14
458,Producto_458,Hogar,Herdez,32.21,109,ProveedorB,13/10/2023,3
500,Producto_500,,Mattel,442.57,51,ProveedorB,07/05/2023,19
523,Producto_523,Juguetes,Bimbo,2861.96,61,ProveedorE,20/11/2024,2
690,Producto_690,Juguetes,Adidas,699.52,,ProveedorE,03/11/2023,18
333,Producto_333,Alimentos,Samsung,2988.58,,ProveedorE,14/08/2024,8
364,Producto_364,Ropa,Sony,4787.23,244,,10/04/2024,20
292,Producto_292,,Nike,3029.42,347,ProveedorD,15/01/2024,12
700,Producto_700,Hogar,Sony,2559.5,407,ProveedorC,10/12/2024,2
552,Producto_552,Ropa,Panasonic,3976.28,195,ProveedorC,06/05/2024,18
665,Producto_665,Deportes,Maybelline,4013.3,347,ProveedorD,05/07/2023,20
666,Producto_666,Hogar,Puma,3060.68,441,ProveedorB,09/05/2024,16
160,Producto_160,Hogar,Adidas,2481.69,,ProveedorB,29/05/2024,19
365,Producto_365,Alimentos,Whirlpool,3512.68,467,ProveedorD,04/07/2024,7
204,Producto_204,Belleza,Samsung,313.52,245,ProveedorD,12/03/2024,4
621,Producto_621,Belleza,Mabe,2413.87,172,ProveedorC,17/10/2024,11
696,Producto_696,Electrónica,Samsung,1910.54,27,ProveedorA,24/07/2023,9
360,Producto_360,Electrónica,Zara,1924.04,228,ProveedorC,04/12/2023,10
125,Producto_125,Belleza,Adidas,3192.97,385,ProveedorD,16/04/2023,1
422,Producto_422,Juguetes,Barcel,4774.74,203,ProveedorC,31/01/2023,9
21,Producto_21,Deportes,Samsung,3404.61,58,ProveedorE,01/10/2023,11
353,Producto_353,Belleza,Nestlé,4384.95,4,ProveedorC,04/08/2024,20
264,Producto_264,Hogar,LEGO,745.27,223,ProveedorA,16/08/2023,15
571,Producto_571,Ropa,Puma,4912.07,85,ProveedorA,26/12/2024,11
574,Producto_574,Ropa,Whirlpool,2470.48,193,,13/07/2024,13
369,Producto_369,Hogar,Mabe,3404.67,367,ProveedorE,15/05/2024,3
370,Producto_370,Deportes,Reebok,4045.37,232,ProveedorB,09/06/2024,14
267,Producto_267,Juguetes,Adidas,696.62,146,ProveedorD,13/12/2024,5
343,Producto_343,Deportes,Zara,1446.07,293,ProveedorE,24/01/2024,13
461,Producto_461,Deportes,Herdez,3060.43,300,ProveedorA,23/12/2023,12
99,Producto_99,Hogar,LG,1066.18,167,ProveedorC,24/01/2024,9
645,Producto_645,Ropa,Sony,3638.57,67,ProveedorB,23/01/2023,19
488,Producto_488,Electrónica,Mabe,3134.64,428,ProveedorD,17/01/2023,4
261,Producto_261,Deportes,Whirlpool,4831.68,418,ProveedorB,11/09/2024,5
221,Producto_221,Ropa,Herdez,2104.96,174,ProveedorB,14/01/2024,10
62,Producto_62,Belleza,Adidas,4629.56,121,ProveedorB,01/07/2023,14
168,Producto_168,Alimentos,Nike,1473.91,191,ProveedorD,30/05/2023,8
708,Producto_708,Juguetes,Nestlé,2457.85,293,ProveedorE,02/01/2024,3
102,Producto_102,Ropa,Samsung,3110.46,,ProveedorB,29/04/2024,4
110,Producto_110,Belleza,Adidas,2183.08,375,ProveedorE,28/10/2024,9
49,Producto_49,Hogar,Adidas,3361.73,153,ProveedorD,20/11/2023,3
582,Producto_582,Deportes,Maybelline,776.41,184,ProveedorA,13/03/2024,3
576,Producto_576,Electrónica,Nike,1481.59,163,ProveedorC,18/04/2023,3
257,Producto_257,Juguetes,Barcel,4047.13,84,ProveedorD,14/02/2023,14
308,Producto_308,Belleza,Nestlé,3076.0,47,ProveedorE,18/10/2024,6
499,Producto_499,Belleza,Mattel,3144.12,77,ProveedorD,22/09/2024,15
363,Producto_363,Belleza,Nestlé,,327,ProveedorC,12/01/2024,20
738,Producto_738,Alimentos,Sony,3930.44,364,ProveedorD,11/10/2023,12
547,Producto_547,Hogar,Nike,848.27,293,ProveedorD,09/02/2024,16
530,Producto_530,Juguetes,Herdez,4246.54,,ProveedorC,17/04/2023,7
646,Producto_646,Deportes,L'Oréal,624.58,364,ProveedorA,20/01/2024,9
138,Producto_138,Hogar,Mabe,2348.8,155,ProveedorD,06/10/2023,17
512,Producto_512,Alimentos,Herdez,2936.32,390,ProveedorA,14/11/2023,14
432,Producto_432,Alimentos,Zara,2470.69,32,ProveedorB,21/03/2024,9
181,Producto_181,Ropa,Adidas,3934.7,448,ProveedorC,27/06/2024,17
10,Producto_10,Electrónica,Sony,3867.61,40,ProveedorB,14/04/2023,13
485,Producto_485,Juguetes,Bimbo,3980.43,203,ProveedorB,15/03/2024,7
154,Producto_154,Hogar,Mattel,4610.12,260,ProveedorB,13/03/2023,9
757,Producto_757,Ropa,Reebok,836.37,39,,20/10/2024,9
150,Producto_150,Juguetes,Sony,3551.82,159,ProveedorE,15/01/2023,18
201,Producto_201,Ropa,Whirlpool,2635.17,381,ProveedorA,02/05/2024,15
391,Producto_391,Alimentos,Bimbo,4611.91,433,ProveedorC,05/04/2023,18
443,Producto_443,Belleza,Adidas,3579.03,404,ProveedorD,17/03/2023,15
569,Producto_569,Hogar,H&M,171.59,308,ProveedorC,18/09/2024,8
242,Producto_242,Alimentos,Nestlé,392.89,442,ProveedorA,21/09/2024,20
277,Producto_277,,Mabe,3859.79,376,ProveedorC,17/05/2023,2
739,Producto_739,Ropa,LG,4390.65,236,ProveedorD,03/01/2024,10
103,Producto_103,Deportes,Mattel,2330.52,131,ProveedorC,21/06/2023,20
235,Producto_235,Alimentos,L'Oréal,391.13,324,ProveedorA,27/06/2024,17
511,Producto_511,Alimentos,Bimbo,1556.44,261,ProveedorB,09/06/2023,18
590,Producto_590,Electrónica,Herdez,4093.84,214,ProveedorE,04/12/2024,16
135,Producto_135,Electrónica,Sony,4620.32,403,ProveedorE,08/11/2024,7
586,Producto_586,Hogar,L'Oréal,1861.39,195,ProveedorC,11/07/2023,15
185,Producto_185,Deportes,Mabe,2279.38,344,ProveedorC,21/08/2024,13
462,Producto_462,Juguetes,Reebok,3090.64,416,ProveedorC,21/09/2024,19
123,Producto_123,Electrónica,Mattel,1488.27,184,ProveedorB,06/11/2023,1
411,Producto_411,Ropa,Barcel,2637.02,417,ProveedorC,01/10/2023,13
374,Producto_374,Alimentos,Whirlpool,908.11,69,ProveedorD,19/01/2024,13
382,Producto_382,Hogar,Reebok,1179.35,111,ProveedorA,24/05/2023,17
771,Producto_771,Juguetes,Samsung,4485.88,396,ProveedorD,18/06/2024,14
718,Producto_718,Electrónica,Bimbo,1061.8,322,ProveedorB,02/12/2024,14
430,Producto_430,Electrónica,Nestlé,2074.91,398,ProveedorA,26/07/2024,8
78,Producto_78,Belleza,Mattel,2560.76,,ProveedorB,05/11/2024,3
435,Producto_435,Alimentos,Samsung,4744.63,170,ProveedorE,25/01/2024,11
511,Producto_511,Alimentos,Bimbo,1556.44,261,ProveedorB,09/06/2023,18
189,Producto_189,,Maybelline,589.44,120,ProveedorE,19/05/2023,13
375,Producto_375,Hogar,Herdez,1884.47,349,ProveedorE,17/05/2023,12
352,Producto_352,Hogar,L'Oréal,4670.27,18,ProveedorD,22/05/2024,6
195,Producto_195,Belleza,Mattel,3212.11,305,ProveedorA,21/02/2023,11
483,Producto_483,Hogar,LEGO,3751.51,355,ProveedorC,10/04/2024,16
276,Producto_276,Alimentos,,3739.11,182,ProveedorA,20/12/2023,8
243,Producto_243,Deportes,Herdez,2318.93,283,ProveedorA,05/04/2024,19
270,Producto_270,Electrónica,Nestlé,1195.82,62,ProveedorA,02/09/2023,14
562,Producto_562,Alimentos,Barcel,1015.31,66,ProveedorC,01/07/2023,11
192,Producto_192,Hogar,Zara,173.25,189,ProveedorB,30/03/2024,15
266,Producto_266,Hogar,Bimbo,1880.81,14,ProveedorC,12/04/2023,11
628,Producto_628,Juguetes,L'Oréal,4204.79,448,ProveedorE,05/07/2023,10
371,Producto_371,Hogar,H&M,298.11,236,ProveedorC,23/01/2023,13
334,Producto_334,Belleza,Nike,2921.78,87,ProveedorE,06/10/2024,20
104,Producto_104,,Mabe,3891.18,83,ProveedorC,21/04/2023,19
595,Producto_595,,Barcel,1296.85,466,ProveedorA,31/03/2023,13
389,Producto_389,Juguetes,Adidas,4030.82,468,ProveedorA,29/07/2024,14
216,Producto_216,Alimentos,Panasonic,1844.13,390,ProveedorC,10/08/2024,8
691,Producto_691,Juguetes,LG,3562.25,478,ProveedorE,09/10/2024,7
13,Producto_13,Deportes,Sony,825.38,194,ProveedorC,17/10/2024,18
9,Producto_9,Alimentos,Barcel,4428.4,185,ProveedorE,16/07/2023,3
706,Producto_706,Ropa,H&M,4231.61,2,ProveedorC,22/04/2024,5
324,Producto_324,Deportes,Panasonic,981.33,283,ProveedorC,17/03/2023,13
472,Producto_472,Juguetes,Panasonic,4118.18,187,ProveedorE,12/02/2023,15
531,Producto_531,Deportes,Sony,2104.88,492,ProveedorA,26/05/2023,9
716,Producto_716,Deportes,LEGO,2233.33,22,ProveedorC,29/10/2024,7
124,Producto_124,Belleza,Panasonic,641.65,23,ProveedorA,20/07/2024,10
469,Producto_469,Hogar,Reebok,2448.61,42,ProveedorE,01/02/2023,8
179,Producto_179,Belleza,Nike,1551.58,225,ProveedorA,16/08/2024,12
795,Producto_795,Alimentos,Mabe,4016.68,489,ProveedorC,04/07/2024,19
703,Producto_703,Juguetes,H&M,2737.61,308,ProveedorB,18/07/2023,10
404,Producto_404,Hogar,L'Oréal,4585.33,277,ProveedorA,20/06/2024,2
356,Producto_356,Belleza,Reebok,3244.94,367,ProveedorB,15/01/2023,11
515,Producto_515,Belleza,Adidas,3510.48,83,ProveedorD,22/12/2023,17
34,Producto_34,Deportes,Maybelline,1222.56,242,ProveedorD,14/07/2023,4
554,Producto_554,Alimentos,L'Oréal,140.05,305,ProveedorB,31/01/2023,9
490,Producto_490,,Nestlé,803.3,477,ProveedorC,06/04/2023,12
434,Producto_434,Belleza,Maybelline,2973.09,100,ProveedorD,20/04/2023,5
248,Producto_248,Juguetes,LG,3397.7,26,ProveedorC,09/03/2023,11
539,Producto_539,Alimentos,Mabe,461.2,413,ProveedorC,22/12/2024,20
56,Producto_56,Deportes,Maybelline,1263.1,464,ProveedorA,05/04/2023,14
132,Producto_132,Belleza,Mattel,1330.58,41,ProveedorB,03/09/2023,6
591,Producto_591,Deportes,Sony,2386.55,40,ProveedorD,05/02/2023,17
769,Producto_769,Electrónica,L'Oréal,2384.59,314,ProveedorE,09/02/2023,18
228,Producto_228,Alimentos,LG,608.72,254,ProveedorD,29/06/2023,5
408,Producto_408,Electrónica,Samsung,2665.74,210,ProveedorA,18/01/2023,17
287,Producto_287,Alimentos,Reebok,3017.08,218,ProveedorB,07/12/2024,15
524,Producto_524,Ropa,Sony,4023.65,23,ProveedorD,12/03/2023,15
783,Producto_783,Deportes,Nike,812.08,493,ProveedorA,04/04/2023,5
188,Producto_188,Belleza,Nestlé,3249.7,59,ProveedorB,16/02/2023,2
503,Producto_503,Juguetes,Samsung,4240.98,337,ProveedorC,30/07/2023,17
282,Producto_282,Electrónica,Mattel,1437.69,441,ProveedorA,02/11/2024,11
589,Producto_589,Juguetes,Panasonic,2075.79,387,ProveedorE,21/08/2023,18
505,Producto_505,Juguetes,Sony,2479.49,57,ProveedorB,26/05/2024,20
323,Producto_323,Alimentos,Puma,3821.65,187,ProveedorA,15/02/2024,2
636,Producto_636,Alimentos,L'Oréal,1573.94,29,ProveedorA,07/04/2024,9
381,Producto_381,Hogar,Barcel,3363.4,446,ProveedorA,08/09/2023,2
